,Stim,Level,Brightness[ğœ‡W/cm2] squares (in front; mean) ,I
0,0.0,1.0,0.34,0.0
1,25.5,0.9,0.49,3.021327014218009
2,51.0,0.8,0.9,11.27962085308057
3,76.5,0.7,1.68,26.990521327014218
4,102.0,0.6,2.99,53.37677725118484
5,127.5,0.5,4.63,86.40995260663507
6,153.0,0.4,7.53,144.8222748815166
7,178.5,0.3,10.1,196.58767772511845
8,204.0,0.2,11.78,230.4265402843602
9,229.5,0.1,12.34,241.70616113744074
10,255.0,0.0,13.0,255.0
