,Stim,Level,Brightness[ğœ‡W/cm2] squares (in front; mean),I
0,0.0,1.0,0.62,0.0
1,25.5,0.9,0.88,3.0651872399445215
2,51.0,0.8,1.58,11.317614424410541
3,76.5,0.7,3.12,29.472954230235786
4,102.0,0.6,5.0,51.63661581137309
5,127.5,0.5,7.51,81.22746185852982
6,153.0,0.4,13.86,156.08876560332874
7,178.5,0.3,19.16,218.57142857142858
8,204.0,0.2,22.13,253.58529819694866
9,229.5,0.1,22.2,254.41054091539527
10,255.0,0.0,22.25,255.0
