,Stim,I
0,0.0,0.0
1,25.5,40.757417623378565
2,51.0,84.73386014611599
3,76.5,113.37557775458475
4,102.0,143.47472789622782
5,127.5,169.35366035485313
6,153.0,199.0472640524825
7,178.5,221.6057850007455
8,204.0,240.6791411957656
9,229.5,253.85940062621142
10,255.0,255.0
